{
  "home_goals_mae": 1.0656582339208622,
  "away_goals_mae": 0.8515228087882732
}